"","playing_team_1","playing_team_2","won_1","won_2","goals1","shots1","hits1","pim1","powerPlayOpportunities1","powerPlayGoals1","giveaways1","takeaways1","faceOffWinPercentage1","goals2","shots2","hits2","pim2","powerPlayOpportunities2","powerPlayGoals2","giveaways2","takeaways2","faceOffWinPercentage2","count","wins","REG_1_team","REG_2_team","OT_1_team","OT_2_team","SO_1_team","SO_2_team"
"1",1,11,2,8,17,348,269,61,25,3,104,56,50.42,30,304,178,63,25,4,124,42,49.58,10,2,1,7,1,1,0,0
"2",1,12,15,6,72,601,451,190,53,13,196,105,46.8571428571429,44,614,456,169,70,13,201,117,53.1428571428571,21,15,11,4,4,2,0,0
"3",1,14,3,7,21,277,293,86,34,4,112,38,52.33,33,303,364,84,35,8,109,52,47.67,10,3,2,6,0,0,1,1
"4",1,15,7,3,31,271,258,130,36,9,118,55,49.16,29,327,245,117,36,10,113,73,50.84,10,7,5,3,2,0,0,0
"5",1,18,3,7,26,310,235,87,28,3,111,67,50.46,28,296,276,108,28,1,81,72,49.54,10,3,3,4,0,2,0,1
"6",1,20,8,2,36,317,179,64,30,6,86,61,52.47,23,329,234,60,32,8,104,58,47.53,10,8,6,1,2,1,0,0
"7",1,21,5,5,24,270,184,102,19,5,110,61,53.02,27,322,273,66,37,5,108,55,46.98,10,5,4,4,0,1,1,0
"8",1,24,7,11,38,512,415,208,62,8,166,126,50.6833333333333,54,512,452,176,64,13,186,94,49.3166666666667,18,7,5,9,1,0,1,2
"9",1,25,3,7,25,288,235,97,24,6,125,66,50.11,28,300,289,75,35,5,134,64,49.89,10,3,3,5,0,1,0,1
"10",1,26,11,7,51,494,422,142,45,5,191,163,46.4666666666667,36,537,430,110,56,7,180,144,53.5333333333333,18,11,10,6,0,1,1,0
"11",1,27,5,5,31,353,175,80,33,7,77,72,52.93,30,263,239,94,26,3,93,58,47.07,10,5,5,5,0,0,0,0
"12",1,28,4,6,29,317,244,91,31,6,71,41,47.24,34,264,291,88,29,12,70,48,52.76,10,4,3,6,1,0,0,0
"13",1,29,1,9,11,269,229,130,29,3,137,53,48.44,34,311,213,116,36,9,136,80,51.56,10,1,1,9,0,0,0,0
"14",1,30,19,18,95,1265,1031,582,142,23,412,252,49.1108108108108,105,1167,1350,624,124,23,393,217,50.8891891891892,37,19,13,13,4,3,2,2
"15",1,31,17,17,83,1011,784,416,107,13,325,202,50.9088235294118,89,1053,956,363,118,27,369,161,49.0911764705882,34,17,11,10,2,4,4,3
"16",1,32,5,5,28,322,241,133,43,10,124,63,47.41,25,341,322,161,35,5,113,46,52.59,10,5,4,4,0,0,1,1
"17",1,33,13,11,58,752,582,254,77,14,223,150,49.1375,53,710,647,227,71,10,243,150,50.8625,24,13,9,9,3,1,1,1
"18",1,34,4,6,19,320,244,85,28,3,103,85,45.37,21,301,246,77,28,8,114,62,54.63,10,4,1,2,3,1,0,3
"19",1,35,8,5,45,398,241,128,50,12,137,65,51.8461538461538,34,366,389,190,39,6,131,67,48.1538461538462,13,8,7,4,1,1,0,0
"20",1,36,8,7,34,469,317,148,50,12,164,60,48.82,44,425,469,131,51,12,138,83,51.18,15,8,6,6,1,1,1,0
"21",1,37,2,8,22,292,187,84,21,4,83,57,52.35,35,275,167,55,29,5,67,48,47.65,10,2,2,8,0,0,0,0
"22",1,38,1,1,6,61,46,8,4,1,23,15,51.65,8,65,40,8,4,1,27,14,48.35,2,1,1,1,0,0,0,0
"23",1,5,17,9,72,832,684,413,90,16,306,160,49.1961538461538,72,807,848,404,97,19,297,167,50.8038461538462,26,17,12,8,2,1,3,0
"24",10,1,12,18,62,890,930,317,94,13,417,206,48.61,71,880,787,327,99,11,368,176,51.39,30,12,10,14,2,3,0,1
"25",10,11,5,5,19,302,257,54,20,4,120,76,48.36,24,313,151,44,25,5,103,67,51.64,10,5,3,5,2,0,0,0
"26",10,12,9,6,32,484,283,118,48,7,140,103,47.9933333333333,24,466,272,106,54,9,142,94,52.0066666666667,15,9,4,2,5,3,0,1
"27",10,14,6,9,38,415,457,117,50,8,158,91,46.22,41,523,476,139,40,7,198,78,53.78,15,6,6,4,0,5,0,0
"28",10,15,5,5,29,312,255,75,22,6,108,75,49.33,24,326,207,72,30,5,98,70,50.67,10,5,5,3,0,1,0,1
"29",10,16,19,14,88,1001,936,394,106,17,319,234,48.5212121212121,77,991,896,429,96,21,320,166,51.4787878787879,33,19,17,13,0,0,2,1
"30",10,17,20,23,112,1270,1351,368,146,26,396,289,49.0883720930233,124,1374,1139,433,130,28,376,244,50.9116279069767,43,20,14,17,5,2,1,4
"31",10,18,4,6,29,290,219,103,33,8,92,80,49.67,26,297,206,97,36,9,59,57,50.33,10,4,4,4,0,1,0,1
"32",10,19,14,4,60,600,382,150,49,15,160,116,51.9111111111111,37,521,390,159,55,8,134,102,48.0888888888889,18,14,11,4,2,0,1,0
"33",10,20,7,3,40,292,190,67,27,6,108,67,46.65,27,329,183,86,24,4,84,66,53.35,10,7,4,2,2,0,1,1
"34",10,21,8,2,35,303,164,92,28,5,114,69,51.18,23,308,191,100,29,6,111,78,48.82,10,8,7,1,0,1,1,0
"35",10,24,20,18,88,1176,1108,274,126,17,406,308,47.7368421052632,86,1175,1058,352,103,21,376,261,52.2631578947368,38,20,17,13,2,4,1,1
"36",10,25,7,3,33,292,215,60,24,6,128,109,50.41,22,292,234,50,29,4,113,60,49.59,10,7,7,3,0,0,0,0
"37",10,26,20,4,78,738,591,152,73,20,247,252,43.3833333333333,43,731,494,164,68,9,224,201,56.6166666666667,24,20,15,4,1,0,4,0
"38",10,27,5,5,32,330,201,74,31,7,57,86,48.26,23,295,235,80,28,4,61,89,51.74,10,5,5,3,0,0,0,2
"39",10,28,9,1,37,301,234,88,28,10,88,73,48.5,21,321,235,92,31,8,76,59,51.5,10,9,7,1,1,0,1,0
"40",10,29,5,5,32,296,222,59,28,6,106,68,50.61,33,332,184,79,22,6,112,73,49.39,10,5,5,4,0,1,0,0
"41",10,30,10,14,64,785,662,241,71,9,275,159,48.3208333333333,63,736,647,256,63,8,267,155,51.6791666666667,24,10,8,11,1,2,1,1
"42",10,31,12,13,71,745,629,257,83,15,227,181,49.628,73,762,542,273,82,21,226,154,50.372,25,12,10,12,2,1,0,0
"43",10,32,6,4,31,295,235,103,24,3,92,61,47.01,28,316,228,79,31,4,95,54,52.99,10,6,5,4,1,0,0,0
"44",10,33,11,7,63,617,397,140,52,11,128,135,50.7944444444444,47,550,377,144,50,14,152,128,49.2055555555556,18,11,8,4,2,0,1,3
"45",10,34,6,4,26,277,217,78,24,5,91,75,47.56,24,280,203,74,31,5,78,80,52.44,10,6,5,4,0,0,1,0
"46",10,35,6,7,30,389,293,102,34,4,152,87,50.2076923076923,34,395,314,94,38,3,148,71,49.7923076923077,13,6,6,6,0,0,0,1
"47",10,36,12,9,63,664,392,195,61,10,170,144,49.352380952381,63,662,468,182,58,5,146,122,50.647619047619,21,12,10,8,1,0,1,1
"48",10,37,5,5,29,287,193,75,27,5,95,51,46.91,32,276,157,60,23,6,82,57,53.09,10,5,5,5,0,0,0,0
"49",10,38,1,1,7,67,24,8,7,2,21,23,56.25,6,68,36,14,4,0,27,23,43.75,2,1,1,1,0,0,0,0
"50",10,5,10,8,58,629,470,142,52,4,224,152,47.0555555555556,56,536,452,144,53,12,195,151,52.9444444444444,18,10,7,7,0,1,3,0
"51",10,6,11,12,59,672,656,247,77,12,236,184,44.5391304347826,67,763,600,268,64,8,210,148,55.4608695652174,23,11,7,11,3,1,1,0
"52",11,12,13,8,59,660,376,191,68,15,166,142,49.1190476190476,46,623,550,171,67,5,150,119,50.8809523809524,21,13,8,6,3,0,2,2
"53",11,14,17,13,88,863,711,186,102,18,259,180,47.1233333333333,82,869,1115,238,81,14,265,123,52.8766666666667,30,17,15,9,2,4,0,0
"54",11,15,16,11,86,890,430,233,100,20,243,189,50.5555555555556,79,808,733,273,82,15,272,211,49.4444444444444,27,16,10,9,3,1,3,1
"55",11,18,20,22,121,1282,854,468,121,27,248,265,49.6690476190476,108,1294,1352,450,131,24,188,296,50.3309523809524,42,20,16,12,4,6,0,4
"56",11,20,8,10,50,598,236,139,60,11,133,128,52.8888888888889,54,507,411,171,50,9,102,118,47.1111111111111,18,8,6,6,1,2,1,2
"57",11,21,10,8,50,567,245,116,46,9,155,153,51.0833333333333,39,530,413,110,49,7,176,160,48.9166666666667,18,10,9,1,0,6,1,1
"58",11,25,13,5,64,578,349,116,57,13,166,156,53.6222222222222,44,535,528,152,39,13,209,147,46.3777777777778,18,13,9,4,3,1,1,0
"59",11,27,12,14,73,930,395,167,70,13,159,202,49.0576923076923,80,747,719,165,68,20,158,196,50.9423076923077,26,12,10,11,2,3,0,0
"60",11,28,14,4,73,640,279,173,77,21,105,119,51.7833333333333,46,522,530,230,68,12,103,101,48.2166666666667,18,14,12,2,1,0,1,2
"61",11,29,10,8,53,569,318,155,43,4,208,150,49.3166666666667,39,587,501,145,51,7,198,143,50.6833333333333,18,10,9,5,1,0,0,3
"62",11,32,12,13,66,811,548,166,85,15,259,197,49.672,61,781,905,275,59,10,245,152,50.328,25,12,8,9,4,2,0,2
"63",11,34,22,16,101,1234,708,344,111,17,348,339,49.0921052631579,104,1216,1121,322,114,23,355,293,50.9078947368421,38,22,15,15,5,1,2,0
"64",11,35,13,11,66,766,373,170,64,7,241,164,51.0291666666667,60,713,756,182,63,12,206,162,48.9708333333333,24,13,11,11,2,0,0,0
"65",11,36,9,5,43,447,234,125,46,7,92,89,50.5571428571429,31,373,437,157,36,6,74,83,49.4428571428571,14,9,7,3,1,1,1,1
"66",11,37,24,18,114,1277,703,316,106,17,259,255,50.6690476190476,98,1237,1039,282,121,17,261,268,49.3309523809524,42,24,20,15,3,1,1,2
"67",11,38,0,3,8,94,58,33,7,1,13,19,51.7666666666667,14,113,69,21,13,2,24,49,48.2333333333333,3,0,0,3,0,0,0,0
"68",12,14,7,6,29,357,274,102,46,7,122,53,49.4923076923077,29,425,387,108,43,9,90,38,50.5076923076923,13,7,6,6,0,0,1,0
"69",12,15,7,6,41,373,221,121,49,9,100,82,49.4307692307692,36,388,273,133,43,7,115,94,50.5692307692308,13,7,5,5,2,1,0,0
"70",12,18,7,8,30,392,252,162,58,6,90,76,52.2066666666667,38,413,347,167,50,11,69,89,47.7933333333333,15,7,3,7,3,1,1,0
"71",12,20,9,4,40,367,201,111,44,11,79,68,52.5307692307692,28,372,238,111,43,6,105,67,47.4692307692308,13,9,7,2,2,0,0,2
"72",12,21,5,8,38,412,198,159,42,12,99,78,54.0692307692308,43,350,241,158,43,8,118,91,45.9307692307692,13,5,4,6,1,2,0,0
"73",12,25,9,4,38,374,228,89,45,11,104,79,55.7,26,357,282,119,36,6,122,72,44.3,13,9,6,4,2,0,1,0
"74",12,27,7,6,35,399,235,106,41,11,89,93,50.5923076923077,29,381,327,105,41,6,82,74,49.4076923076923,13,7,6,2,1,2,0,2
"75",12,28,8,5,42,433,265,113,53,14,87,62,45.7384615384615,37,387,342,135,42,6,66,89,54.2615384615385,13,8,6,4,1,1,1,0
"76",12,29,5,8,25,398,266,94,38,2,134,64,47.2923076923077,33,365,260,130,32,4,136,96,52.7076923076923,13,5,3,6,0,0,2,2
"77",12,32,9,11,49,550,432,206,70,10,199,93,51.025,56,618,501,235,66,10,153,84,48.975,20,9,6,9,3,1,0,1
"78",12,34,10,4,47,418,243,132,46,11,116,89,50.4142857142857,32,426,271,130,53,13,122,88,49.5857142857143,14,10,9,3,1,1,0,0
"79",12,35,4,6,30,324,189,81,37,7,96,39,50.15,32,320,221,97,34,4,91,66,49.85,10,4,3,4,0,0,1,2
"80",12,36,5,15,38,640,364,202,70,11,119,108,50.47,52,604,498,210,67,15,116,120,49.53,20,5,3,10,0,2,2,3
"81",12,37,7,6,36,359,225,114,35,12,83,64,47.7076923076923,41,365,229,92,46,13,70,63,52.2923076923077,13,7,4,5,1,1,2,0
"82",12,38,1,1,6,55,37,21,4,0,19,25,51.15,7,59,33,15,7,0,18,23,48.85,2,1,1,1,0,0,0,0
"83",14,28,14,14,83,983,878,257,108,27,208,82,52.4142857142857,68,772,851,289,92,17,197,130,47.5857142857143,28,14,13,10,1,2,0,2
"84",14,29,22,25,115,1365,1775,564,154,30,525,201,49.436170212766,116,1369,1490,509,168,31,590,306,50.563829787234,47,22,18,21,4,2,0,2
"85",14,35,7,8,44,472,396,155,52,12,178,61,54.6866666666667,39,417,440,168,51,11,192,90,45.3133333333333,15,7,6,4,1,1,0,3
"86",14,36,10,3,43,412,355,145,38,7,122,43,48.8846153846154,30,327,401,146,36,7,97,54,51.1153846153846,13,10,7,2,3,0,0,1
"87",14,37,9,9,47,506,430,143,46,9,140,57,49.9722222222222,45,463,396,131,47,9,139,90,50.0277777777778,18,9,4,6,4,1,1,2
"88",14,38,2,6,14,261,350,56,25,4,103,49,50.1375,17,291,320,56,25,1,77,73,49.8625,8,2,1,4,1,2,0,0
"89",15,14,12,8,60,531,486,168,65,11,224,99,47.53,51,628,599,164,62,11,176,103,52.47,20,12,11,6,1,2,0,0
"90",15,28,14,5,58,565,384,205,61,13,135,107,50.8157894736842,40,582,473,181,71,6,122,108,49.1842105263158,19,14,12,5,1,0,1,0
"91",15,29,11,8,59,547,427,183,57,11,235,142,49.4947368421053,49,579,388,153,62,11,202,154,50.5052631578947,19,11,9,5,0,2,2,1
"92",15,35,9,14,64,726,466,264,96,26,279,130,51.5260869565217,84,708,545,291,81,19,239,175,48.4739130434783,23,9,8,13,0,0,1,1
"93",15,36,3,10,28,429,239,133,40,4,94,77,51.0538461538462,38,357,303,139,37,8,72,95,48.9461538461538,13,3,2,8,1,1,0,1
"94",15,37,15,17,98,1004,627,280,108,25,289,200,51.8125,97,917,568,386,86,21,193,217,48.1875,32,15,11,13,4,3,0,1
"95",15,38,1,2,7,115,55,26,10,1,32,19,51.7333333333333,7,103,59,24,11,1,35,23,48.2666666666667,3,1,1,2,0,0,0,0
"96",16,1,10,8,52,540,485,225,65,14,184,84,51.3,48,492,415,236,60,11,188,96,48.7,18,10,8,5,1,1,1,2
"97",16,11,6,4,25,313,260,121,34,7,70,50,53.03,28,311,204,117,36,8,92,68,46.97,10,6,5,4,1,0,0,0
"98",16,12,10,5,49,474,373,166,51,14,105,63,49.7533333333333,38,454,306,152,52,8,138,90,50.2466666666667,15,10,6,3,3,0,1,2
"99",16,14,4,6,17,291,297,66,37,5,93,34,49.6,19,331,335,90,30,2,106,43,50.4,10,4,3,4,1,1,0,1
"100",16,15,4,6,23,292,256,132,36,9,90,38,53.12,28,309,259,117,30,4,88,64,46.88,10,4,2,5,2,1,0,0
"101",16,17,14,17,94,922,987,359,111,25,214,139,52.7451612903226,107,963,886,345,108,24,266,183,47.2548387096774,31,14,12,14,2,3,0,0
"102",16,18,6,4,26,277,292,72,31,4,49,58,50.69,18,296,288,82,25,4,57,63,49.31,10,6,6,2,0,0,0,2
"103",16,19,11,7,53,593,385,231,67,16,110,84,49.7166666666667,44,523,442,243,64,15,121,104,50.2833333333333,18,11,10,5,0,1,1,1
"104",16,20,5,5,22,293,297,97,31,6,80,51,51.81,30,327,209,87,30,5,86,59,48.19,10,5,3,5,0,0,2,0
"105",16,21,5,5,30,301,202,81,28,5,83,59,53.6,27,302,233,112,27,7,102,97,46.4,10,5,5,2,0,3,0,0
"106",16,24,16,14,78,891,879,536,108,17,271,181,51.79,85,840,814,466,112,28,280,227,48.21,30,16,9,12,5,1,2,1
"107",16,25,6,4,32,309,246,101,36,8,87,57,54.43,33,300,254,115,32,5,122,69,45.57,10,6,5,3,0,1,1,0
"108",16,26,13,12,73,726,670,259,65,13,214,175,47.44,70,744,538,197,87,14,218,201,52.56,25,13,7,8,6,1,0,3
"109",16,27,6,4,29,312,213,79,36,9,59,59,50.23,24,333,293,101,29,4,69,62,49.77,10,6,6,2,0,1,0,1
"110",16,28,4,6,29,343,272,150,37,9,83,39,49.71,32,281,311,133,34,5,75,48,50.29,10,4,2,4,0,2,2,0
"111",16,29,3,7,21,268,261,132,29,6,114,52,50.22,27,303,216,86,42,11,133,92,49.78,10,3,2,5,1,1,0,1
"112",16,30,10,8,48,612,475,249,58,9,171,101,48.2444444444444,41,547,537,242,59,10,189,119,51.7555555555556,18,10,7,4,1,0,2,4
"113",16,31,6,12,50,563,434,198,67,15,114,103,50.7777777777778,63,470,390,188,57,13,175,124,49.2222222222222,18,6,6,10,0,1,0,1
"114",16,32,1,9,25,337,249,109,48,9,98,49,46.98,37,288,267,151,26,5,89,55,53.02,10,1,0,6,1,0,0,3
"115",16,33,9,9,46,591,462,212,66,10,147,107,50.0888888888889,41,590,435,221,68,11,117,117,49.9111111111111,18,9,7,6,1,0,1,3
"116",16,34,5,5,27,287,214,91,36,7,80,49,50.04,26,326,238,81,36,9,68,58,49.96,10,5,2,3,1,0,2,2
"117",16,35,9,4,39,386,349,156,44,9,127,77,50.3769230769231,27,400,409,147,49,6,137,84,49.6230769230769,13,9,7,2,2,0,0,2
"118",16,36,6,15,51,641,516,199,75,11,151,96,53.0142857142857,61,627,581,232,59,15,125,127,46.9857142857143,21,6,5,9,1,3,0,3
"119",16,37,6,4,24,313,199,71,22,4,55,47,52.23,20,260,191,57,29,4,77,57,47.77,10,6,5,4,1,0,0,0
"120",16,38,1,1,6,58,36,6,4,1,8,8,59.7,4,68,41,8,3,2,22,11,40.3,2,1,1,1,0,0,0,0
"121",16,5,9,9,55,619,552,149,55,10,172,133,52.1777777777778,56,493,546,172,50,9,183,142,47.8222222222222,18,9,7,7,2,2,0,0
"122",16,6,6,12,40,506,528,180,60,11,174,102,49.6833333333333,56,595,491,216,55,17,144,124,50.3166666666667,18,6,3,10,2,1,1,1
"123",17,1,13,5,64,587,522,170,65,18,163,92,48.2,47,551,428,179,54,7,116,81,51.8,18,13,9,4,3,0,1,1
"124",17,11,1,9,15,319,361,86,23,2,74,61,50.23,36,338,186,52,29,3,85,65,49.77,10,1,1,6,0,1,0,2
"125",17,12,8,7,54,492,380,178,51,13,101,72,51.02,50,440,343,143,47,7,109,66,48.98,15,8,7,5,0,2,1,0
"126",17,14,5,5,23,294,295,64,41,6,86,40,48.62,17,326,383,103,27,4,71,31,51.38,10,5,4,2,1,2,0,1
"127",17,15,3,7,23,315,259,80,36,5,73,47,48.81,25,283,232,109,33,8,74,62,51.19,10,3,3,6,0,0,0,1
"128",17,18,4,6,25,301,269,84,38,4,61,62,49.84,26,293,284,138,21,3,32,61,50.16,10,4,3,4,1,2,0,0
"129",17,19,15,3,66,643,384,148,58,15,109,85,53.0055555555556,34,553,517,199,51,8,84,88,46.9944444444444,18,15,13,2,1,0,1,1
"130",17,20,6,4,26,343,254,78,35,6,50,48,50.14,30,289,212,104,22,4,53,56,49.86,10,6,4,4,0,0,2,0
"131",17,21,5,5,27,301,199,93,27,2,89,72,52.93,24,299,211,71,37,4,68,92,47.07,10,5,4,2,1,1,0,2
"132",17,24,25,18,122,1305,1231,492,147,31,378,296,49.8209302325581,123,1329,1349,465,154,31,356,287,50.1790697674419,43,25,20,15,4,3,1,0
"133",17,25,8,2,29,327,274,76,30,7,103,64,47.58,21,305,245,78,29,7,108,75,52.42,10,8,6,0,1,1,1,1
"134",17,26,16,8,75,746,650,210,55,11,171,227,49.0958333333333,54,726,612,176,72,13,150,258,50.9041666666667,24,16,14,7,1,1,1,0
"135",17,27,5,5,22,339,211,93,32,5,57,72,50.47,22,287,251,77,40,6,36,62,49.53,10,5,3,4,1,1,1,0
"136",17,28,6,4,33,328,240,96,43,8,58,37,51.23,18,282,330,109,31,2,50,52,48.77,10,6,6,3,0,1,0,0
"137",17,29,10,6,46,507,412,125,44,10,181,112,52.025,31,500,474,121,51,6,193,135,47.975,16,10,8,4,1,1,1,1
"138",17,30,21,9,97,1019,812,351,111,21,246,189,48.19,68,918,955,376,101,16,228,175,51.81,30,21,17,4,2,3,2,2
"139",17,31,16,9,95,856,660,255,93,29,197,141,51.744,79,668,675,302,79,22,159,149,48.256,25,16,14,7,2,2,0,0
"140",17,32,7,3,34,304,272,83,29,6,96,59,49.91,25,305,281,99,26,6,79,48,50.09,10,7,6,3,0,0,1,0
"141",17,33,12,6,62,580,455,199,59,15,97,92,50.5,45,585,462,161,67,12,110,102,49.5,18,12,10,4,2,0,0,2
"142",17,34,11,5,49,446,404,239,58,9,119,91,50.69375,33,446,465,264,55,9,97,87,49.30625,16,11,10,4,1,0,0,1
"143",17,35,10,3,45,433,333,187,34,10,109,61,52.1769230769231,35,379,421,172,36,3,92,76,47.8230769230769,13,10,7,3,2,0,1,0
"144",17,36,22,10,106,1067,836,342,115,30,202,144,49.1,84,1053,1212,418,101,16,129,184,50.9,32,22,17,5,3,4,2,1
"145",17,37,6,4,34,322,183,104,32,11,55,37,48.11,28,302,186,90,38,7,56,61,51.89,10,6,6,4,0,0,0,0
"146",17,38,1,1,6,63,48,10,8,0,7,18,60.3,6,51,57,16,5,1,8,21,39.7,2,1,1,1,0,0,0,0
"147",17,5,11,7,55,645,546,187,62,15,194,135,50.5055555555556,49,524,544,176,63,12,163,124,49.4944444444444,18,11,8,5,1,1,2,1
"148",17,6,8,14,51,691,734,234,73,13,201,150,46.0772727272727,72,676,612,233,65,9,124,134,53.9227272727273,22,8,5,11,3,3,0,0
"149",18,14,10,14,54,669,719,295,83,13,148,98,52.0833333333333,60,689,780,266,98,12,198,136,47.9166666666667,24,10,7,12,2,1,1,1
"150",18,15,20,14,100,941,855,377,111,25,218,233,49.4529411764706,86,980,742,373,117,21,267,248,50.5470588235294,34,20,12,11,7,3,1,0
"151",18,20,10,8,47,551,371,182,56,6,65,106,52.55,40,443,328,190,52,6,102,98,47.45,18,10,7,5,1,2,2,1
"152",18,21,11,7,64,537,281,211,57,19,109,135,54.15,47,488,331,200,67,10,172,145,45.85,18,11,11,5,0,1,0,1
"153",18,25,12,6,63,586,416,191,52,10,104,134,54.3333333333333,39,429,426,208,42,8,180,126,45.6666666666667,18,12,11,5,1,1,0,0
"154",18,27,17,10,75,861,525,321,74,20,89,219,52.6962962962963,56,756,610,296,85,12,138,211,47.3037037037037,27,17,15,6,1,2,1,2
"155",18,28,15,3,61,587,446,142,54,16,69,108,51.05,34,481,471,173,48,8,84,78,48.95,18,15,13,2,0,1,2,0
"156",18,29,11,13,66,628,590,305,69,17,176,167,51.2208333333333,71,684,566,254,88,16,224,160,48.7791666666667,24,11,9,12,2,1,0,0
"157",18,32,7,11,42,528,409,155,59,6,123,103,53.2444444444444,46,450,437,151,60,12,135,88,46.7555555555556,18,7,5,9,2,0,0,2
"158",18,35,12,11,54,658,476,300,85,14,157,137,51.9086956521739,58,665,614,312,80,14,155,152,48.0913043478261,23,12,10,7,0,1,2,3
"159",18,36,9,5,39,420,280,158,49,11,65,57,50.4928571428571,38,382,334,184,36,4,42,81,49.5071428571429,14,9,7,5,2,0,0,0
"160",18,37,22,15,96,1059,754,347,105,21,114,203,50.3972972972973,95,997,755,300,123,21,160,253,49.6027027027027,37,22,15,14,4,1,3,0
"161",18,38,1,2,7,112,86,12,8,0,18,25,57.9666666666667,8,81,74,18,5,2,28,27,42.0333333333333,3,1,1,0,0,2,0,0
"162",19,1,10,16,50,789,676,268,78,12,257,100,47.0269230769231,76,833,501,298,79,19,245,108,52.9730769230769,26,10,6,12,2,2,2,2
"163",19,11,1,9,21,273,257,75,32,5,77,64,49.34,34,396,119,75,32,4,86,64,50.66,10,1,1,6,0,2,0,1
"164",19,12,7,14,45,542,471,171,67,13,147,87,46.252380952381,62,715,314,155,74,15,147,92,53.747619047619,21,7,4,12,2,0,1,2
"165",19,14,4,6,15,246,281,91,26,3,68,42,50.75,22,337,268,85,24,7,81,40,49.25,10,4,2,6,1,0,1,0
"166",19,15,2,8,21,258,222,79,28,8,61,57,47.55,36,332,151,77,29,8,86,58,52.45,10,2,2,8,0,0,0,0
"167",19,18,1,9,12,263,247,89,35,5,41,48,47.52,29,321,202,96,25,7,37,42,52.48,10,1,1,7,0,1,0,1
"168",19,20,3,7,24,249,231,79,30,4,57,37,50.32,32,329,138,73,33,5,53,46,49.68,10,3,3,7,0,0,0,0
"169",19,21,4,6,26,255,154,80,39,8,89,55,51.8,31,328,197,96,31,5,89,62,48.2,10,4,3,4,1,2,0,0
"170",19,24,5,13,36,504,411,146,54,7,128,112,48.0222222222222,55,622,353,152,45,16,145,89,51.9777777777778,18,5,3,9,0,2,2,2
"171",19,25,5,5,30,312,236,102,32,10,80,49,49.72,22,352,248,98,30,4,100,57,50.28,10,5,4,4,1,1,0,0
"172",19,26,6,12,45,498,474,136,45,3,102,131,41.7722222222222,61,626,293,134,57,7,120,162,58.2277777777778,18,6,4,10,1,1,1,1
"173",19,27,3,7,25,311,181,88,35,5,32,61,49.08,36,297,157,98,35,7,46,46,50.92,10,3,3,7,0,0,0,0
"174",19,28,7,3,33,322,239,112,27,8,66,55,46.24,25,304,196,98,33,4,65,36,53.76,10,7,6,2,1,1,0,0
"175",19,29,6,4,28,255,217,68,25,5,87,57,43.54,25,345,174,64,26,5,112,62,56.46,10,6,4,3,1,1,1,0
"176",19,30,11,14,56,774,593,271,73,10,188,143,46.5,60,834,587,251,77,6,205,147,53.5,25,11,8,10,0,2,3,2
"177",19,31,7,17,44,614,536,267,70,12,141,128,49.5625,68,761,421,237,85,17,172,112,50.4375,24,7,5,14,1,2,1,1
"178",19,32,3,7,19,248,221,100,24,3,85,39,46.21,33,370,215,74,32,6,86,45,53.79,10,3,2,6,0,1,1,0
"179",19,33,6,18,53,677,560,324,70,17,129,116,47.7666666666667,74,832,465,295,81,18,166,120,52.2333333333333,24,6,4,15,1,0,1,3
"180",19,34,3,7,25,295,206,83,35,7,79,51,47.14,35,336,162,131,30,8,58,60,52.86,10,3,2,5,1,1,0,1
"181",19,35,5,8,30,376,293,128,42,5,110,82,49.4461538461538,39,415,314,147,36,8,85,78,50.5538461538462,13,5,5,8,0,0,0,0
"182",19,36,6,9,40,460,283,153,41,11,78,83,51.1266666666667,43,541,269,149,43,9,62,71,48.8733333333333,15,6,6,8,0,0,0,1
"183",19,37,2,8,18,271,214,93,26,2,63,51,49.52,39,297,122,78,28,10,51,43,50.48,10,2,2,7,0,0,0,1
"184",19,38,0,2,5,66,29,14,7,3,13,18,59.7,6,65,34,14,7,1,15,22,40.3,2,0,0,0,0,1,0,1
"185",19,5,13,13,72,783,753,323,69,18,234,163,48.3346153846154,74,876,625,313,75,20,233,193,51.6653846153846,26,13,9,9,1,1,3,3
"186",20,14,11,15,51,693,613,328,93,15,205,109,47.0961538461538,65,821,666,318,87,16,227,120,52.9038461538462,26,11,10,11,0,2,1,2
"187",20,15,4,14,43,581,383,210,68,13,138,108,49.3722222222222,59,515,350,207,59,8,180,120,50.6277777777778,18,4,3,10,1,3,0,1
"188",20,28,15,11,65,800,547,197,75,15,178,146,48.8230769230769,50,780,673,216,75,15,129,155,51.1769230769231,26,15,10,9,5,0,0,2
"189",20,29,7,24,61,944,704,349,91,16,315,189,47.1709677419355,106,989,554,325,118,26,315,251,52.8290322580645,31,7,6,19,1,4,0,1
"190",20,32,9,18,43,712,577,313,82,11,253,131,47.2962962962963,85,835,660,260,81,22,208,157,52.7037037037037,27,9,5,15,1,2,3,1
"191",20,35,5,10,31,426,258,134,47,6,134,86,48.3266666666667,44,463,381,130,44,8,125,111,51.6733333333333,15,5,3,10,1,0,1,0
"192",20,36,8,5,38,417,220,92,33,6,82,68,50.4461538461538,28,370,315,86,36,9,60,86,49.5538461538462,13,8,5,2,1,2,2,1
"193",20,37,9,10,50,537,357,178,45,11,100,100,45.4789473684211,57,570,303,176,56,15,93,101,54.521052631579,19,9,8,8,1,0,0,2
"194",20,38,0,4,10,109,107,18,8,2,26,25,55.2,19,131,82,16,9,2,32,42,44.8,4,0,0,3,0,0,0,1
"195",21,14,12,14,55,644,632,221,89,11,264,162,47.4038461538462,72,794,583,264,65,13,262,127,52.5961538461538,26,12,7,12,4,2,1,0
"196",21,15,8,10,49,500,335,172,53,10,183,162,47.8555555555556,56,529,318,166,56,9,185,137,52.1444444444444,18,8,6,9,0,0,2,1
"197",21,20,16,18,93,1055,666,572,109,17,285,274,49.3235294117647,89,951,501,547,102,19,288,229,50.6764705882353,34,16,15,12,1,3,0,3
"198",21,25,15,13,87,873,670,337,90,14,322,222,50.4857142857143,81,812,517,355,85,18,353,228,49.5142857142857,28,15,12,10,3,0,0,3
"199",21,27,11,8,65,549,269,196,69,16,140,170,51.2157894736842,56,544,330,200,62,10,137,150,48.7842105263158,19,11,10,7,1,0,0,1
"200",21,28,16,11,71,788,610,272,85,18,232,202,45.7740740740741,70,769,560,292,80,12,184,173,54.2259259259259,27,16,13,10,3,1,0,0
"201",21,29,12,15,71,753,577,238,81,17,322,219,47.6407407407407,78,831,364,218,86,20,303,231,52.3592592592593,27,12,9,12,1,2,2,1
"202",21,32,8,27,87,965,860,500,122,23,391,282,46.8114285714286,127,1045,753,455,103,29,358,240,53.1885714285714,35,8,6,25,1,2,1,0
"203",21,35,8,7,45,449,271,127,55,13,154,103,47.0466666666667,37,427,250,159,44,4,139,109,52.9533333333333,15,8,7,6,0,0,1,1
"204",21,36,4,9,27,374,236,100,34,5,99,85,45.6307692307692,39,363,267,100,33,5,95,102,54.3692307692308,13,4,3,6,1,3,0,0
"205",21,37,8,12,44,564,286,181,71,11,151,127,46.23,50,577,244,192,61,10,148,139,53.77,20,8,5,8,2,2,1,2
"206",21,38,1,3,12,137,127,31,11,2,46,40,49.275,16,119,94,35,9,3,41,40,50.725,4,1,1,3,0,0,0,0
"207",22,1,6,12,45,516,536,170,60,13,233,124,48.1944444444444,58,516,345,165,56,17,189,138,51.8055555555556,18,6,4,11,2,1,0,0
"208",22,10,17,9,81,817,678,261,72,13,323,190,49.8807692307692,61,885,669,215,88,15,314,223,50.1192307692308,26,17,14,7,0,2,3,0
"209",22,11,3,7,25,340,316,77,24,3,102,82,49.55,30,318,186,78,25,7,103,77,50.45,10,3,2,5,1,1,0,1
"210",22,12,8,7,46,460,354,92,52,16,164,109,51.56,53,398,291,124,30,10,129,96,48.44,15,8,5,6,2,1,1,0
"211",22,14,4,6,23,274,317,76,36,7,128,60,46.18,26,286,294,88,30,5,155,54,53.82,10,4,2,6,1,0,1,0
"212",22,15,6,4,36,328,254,86,35,6,102,80,49.26,35,301,211,96,31,5,107,75,50.74,10,6,6,3,0,1,0,0
"213",22,16,12,13,69,807,729,286,74,12,282,166,47.356,89,770,613,296,74,22,235,156,52.644,25,12,5,11,2,1,5,1
"214",22,17,12,20,83,1008,911,379,105,13,235,219,48.684375,107,1054,819,386,95,30,266,193,51.315625,32,12,10,13,0,6,2,1
"215",22,18,4,6,28,283,276,99,35,6,94,71,47.6,33,328,248,95,32,10,59,73,52.4,10,4,2,4,1,0,1,2
"216",22,19,10,8,55,592,416,199,40,10,166,118,48.3333333333333,38,518,390,151,58,5,146,98,51.6666666666667,18,10,8,3,1,2,1,3
"217",22,20,5,5,33,322,286,75,35,6,104,77,49.27,30,279,220,94,25,7,85,86,50.73,10,5,4,2,1,2,0,1
"218",22,21,6,4,26,302,200,83,32,3,95,94,52.16,22,313,187,109,24,2,116,101,47.84,10,6,4,4,2,0,0,0
"219",22,24,13,18,77,964,934,346,87,14,355,299,47.6870967741935,87,916,837,268,92,17,307,271,52.3129032258065,31,13,9,12,4,3,0,3
"220",22,25,4,6,28,331,286,76,31,6,109,94,51.78,23,286,257,102,23,5,121,111,48.22,10,4,4,2,0,2,0,2
"221",22,26,10,14,77,698,613,166,67,21,254,249,45.6,84,758,479,176,63,14,206,257,54.4,24,10,7,11,2,2,1,1
"222",22,27,5,5,29,330,236,77,42,10,72,74,50.03,29,307,237,101,30,4,62,86,49.97,10,5,4,4,1,1,0,0
"223",22,28,6,4,31,299,298,84,32,4,82,67,46.53,20,300,254,76,31,3,65,71,53.47,10,6,6,2,0,1,0,1
"224",22,29,6,4,31,287,290,50,19,3,119,71,49.72,27,316,184,42,18,5,153,74,50.28,10,6,4,4,0,0,2,0
"225",22,30,10,8,46,585,430,127,58,9,217,137,50.0555555555556,51,523,442,137,53,10,194,163,49.9444444444444,18,10,7,7,1,1,2,0
"226",22,31,10,13,63,726,668,257,75,17,203,204,50.7434782608696,77,707,510,244,81,13,199,182,49.2565217391304,23,10,9,9,0,2,1,2
"227",22,32,5,5,30,317,266,106,37,6,89,69,44.1,30,311,265,106,22,4,99,53,55.9,10,5,2,4,2,1,1,0
"228",22,33,12,12,63,804,752,224,74,13,289,165,49.6541666666667,67,776,597,244,69,12,234,215,50.3458333333333,24,12,7,9,3,1,2,2
"229",22,34,6,4,33,273,225,61,30,7,104,97,43.84,27,337,223,87,22,3,99,96,56.16,10,6,5,3,1,1,0,0
"230",22,35,8,5,49,405,273,135,48,11,164,91,51.2923076923077,39,400,349,130,46,10,126,90,48.7076923076923,13,8,5,4,2,1,1,0
"231",22,36,10,11,59,666,488,234,55,9,173,129,48.3285714285714,68,722,541,204,63,15,133,146,51.6714285714286,21,10,8,7,1,1,1,3
"232",22,37,4,6,36,322,212,90,29,5,79,65,48.24,40,325,175,86,30,3,83,90,51.76,10,4,4,5,0,0,0,1
"233",22,38,2,0,8,55,32,14,6,2,16,23,51.3,4,73,28,12,7,3,14,34,48.7,2,2,2,0,0,0,0,0
"234",22,5,9,9,66,589,497,162,46,8,174,161,48.2333333333333,69,578,472,138,54,9,214,158,51.7666666666667,18,9,6,6,3,1,0,2
"235",22,6,6,12,40,569,505,124,62,8,214,179,44.9666666666667,55,584,454,206,42,9,191,151,55.0333333333333,18,6,6,12,0,0,0,0
"236",23,1,6,12,43,480,426,151,53,11,180,74,47.3333333333333,52,542,414,123,62,15,164,118,52.6666666666667,18,6,4,7,1,3,1,2
"237",23,10,11,14,59,691,514,221,79,20,193,160,50.844,75,725,549,231,83,10,195,204,49.156,25,11,7,11,3,2,1,1
"238",23,11,4,6,31,269,254,101,23,7,58,57,48.18,32,339,168,75,36,7,58,64,51.82,10,4,4,3,0,2,0,1
"239",23,12,6,9,39,366,258,120,50,8,97,74,45.74,49,440,280,114,53,14,90,85,54.26,15,6,4,7,2,1,0,1
"240",23,14,6,4,22,225,239,80,25,4,87,44,47.7,18,274,311,68,32,3,67,38,52.3,10,6,4,4,2,0,0,0
"241",23,15,5,5,25,288,160,94,25,7,73,54,46.12,23,290,198,86,29,5,68,49,53.88,10,5,2,3,3,1,0,1
"242",23,16,17,9,80,671,536,370,110,21,156,160,45.2769230769231,56,720,697,394,98,19,156,151,54.7230769230769,26,17,14,6,2,2,1,1
"243",23,17,12,14,62,721,606,220,82,14,128,149,47.5346153846154,72,792,589,248,73,14,142,140,52.4653846153846,26,12,11,11,1,2,0,1
"244",23,18,1,9,18,242,178,113,29,4,45,49,48.19,30,301,190,106,37,9,35,90,51.81,10,1,1,8,0,0,0,1
"245",23,19,12,6,46,548,309,160,59,9,107,73,48.7055555555556,31,439,463,160,59,13,107,85,51.2944444444444,18,12,8,2,2,1,2,3
"246",23,20,7,3,25,246,198,138,24,6,75,76,50.42,19,289,183,93,36,3,57,61,49.58,10,7,5,1,2,1,0,1
"247",23,21,2,8,24,281,164,78,26,6,84,87,47.65,28,301,207,66,32,8,99,87,52.35,10,2,2,5,0,1,0,2
"248",23,22,9,17,57,763,532,271,74,14,255,199,48.1423076923077,65,749,730,261,87,15,221,218,51.8576923076923,26,9,8,10,0,2,1,5
"249",23,24,8,16,46,656,475,260,81,9,181,150,48.8625,78,666,491,264,85,16,169,174,51.1375,24,8,4,13,3,2,1,1
"250",23,25,3,7,20,242,232,88,26,4,96,66,45.21,27,298,273,78,31,5,102,80,54.79,10,3,2,3,1,3,0,1
"251",23,26,14,10,67,615,572,166,57,12,149,225,46.325,57,688,511,156,63,8,202,242,53.675,24,14,12,9,1,0,1,1
"252",23,27,3,7,17,293,168,79,29,5,35,80,47.2,19,288,208,65,36,3,55,71,52.8,10,3,3,4,0,1,0,2
"253",23,28,6,4,29,278,244,91,26,7,42,40,49.02,24,307,230,77,34,6,30,58,50.98,10,6,5,3,1,0,0,1
"254",23,29,2,8,17,265,220,80,32,3,97,64,47.74,30,322,170,76,34,5,94,66,52.26,10,2,2,7,0,0,0,1
"255",23,30,8,10,43,552,344,190,58,12,130,139,47.1722222222222,46,494,454,201,51,13,132,117,52.8277777777778,18,8,4,7,2,0,2,3
"256",23,31,10,13,53,638,514,307,70,13,159,147,49.9217391304348,67,726,474,255,92,15,144,150,50.0782608695652,23,10,8,11,0,1,2,1
"257",23,32,3,7,21,244,260,74,32,8,89,55,43,33,266,241,78,26,6,71,47,57,10,3,2,6,1,1,0,0
"258",23,33,8,10,48,476,357,196,50,12,117,82,47.15,46,514,346,171,60,8,127,123,52.85,18,8,7,7,1,3,0,0
"259",23,34,5,5,25,255,172,56,25,8,88,68,47.24,28,311,199,56,25,4,70,77,52.76,10,5,2,4,2,1,1,0
"260",23,35,3,10,21,340,213,73,36,3,110,74,48.3692307692308,37,365,320,83,32,3,94,81,51.6307692307692,13,3,1,9,0,0,2,1
"261",23,36,6,15,43,584,370,158,66,12,104,93,46.652380952381,62,588,475,182,61,7,80,125,53.347619047619,21,6,6,13,0,1,0,1
"262",23,37,7,3,30,268,165,79,26,4,67,34,48.64,30,280,168,78,33,8,43,54,51.36,10,7,4,3,3,0,0,0
"263",23,38,1,1,10,63,63,14,5,2,17,10,48.65,6,69,59,10,7,3,16,20,51.35,2,1,1,1,0,0,0,0
"264",23,5,8,10,44,556,437,168,67,11,165,147,45.5,40,504,525,158,67,15,186,155,54.5,18,8,6,5,0,1,2,4
"265",23,6,4,14,35,510,395,152,62,12,152,129,47.3111111111111,47,537,408,181,48,10,122,114,52.6888888888889,18,4,4,10,0,1,0,3
"266",24,11,7,3,36,279,272,91,26,9,92,88,50.07,25,335,173,65,33,6,83,70,49.93,10,7,6,3,1,0,0,0
"267",24,12,10,5,41,456,347,103,56,14,141,105,49.9666666666667,34,443,294,122,48,9,122,100,50.0333333333333,15,10,5,2,3,1,2,2
"268",24,14,3,7,26,262,278,86,28,5,103,59,45.3,25,307,327,84,29,4,85,46,54.7,10,3,3,4,0,1,0,2
"269",24,15,3,7,26,297,253,100,29,5,103,70,54.58,36,300,193,80,39,8,87,73,45.42,10,3,1,7,2,0,0,0
"270",24,18,7,3,36,281,196,78,27,9,72,57,45.18,26,315,246,89,29,4,47,76,54.82,10,7,6,3,1,0,0,0
"271",24,20,6,4,31,289,197,122,24,3,92,64,49.26,26,316,167,68,41,11,74,81,50.74,10,6,6,4,0,0,0,0
"272",24,21,5,5,29,328,197,79,28,7,79,70,51.98,28,294,196,101,26,4,85,86,48.02,10,5,4,3,0,2,1,0
"273",24,25,7,3,31,270,234,86,24,6,101,70,49.78,22,298,226,82,31,4,101,72,50.22,10,7,6,2,0,0,1,1
"274",24,27,7,3,33,347,219,92,31,8,75,98,53.87,28,277,217,108,28,6,88,87,46.13,10,7,7,3,0,0,0,0
"275",24,28,5,5,28,329,233,102,34,9,65,60,49.06,29,283,238,96,37,8,69,64,50.94,10,5,3,3,2,1,0,1
"276",24,29,4,6,23,291,242,78,31,6,108,75,48.79,30,274,223,111,25,6,113,74,51.21,10,4,2,4,1,0,1,2
"277",24,32,6,4,24,296,257,94,32,6,118,64,48.94,28,283,274,84,31,4,96,67,51.06,10,6,3,4,1,0,2,0
"278",24,34,3,7,32,283,230,90,32,9,90,67,50.18,34,279,206,106,29,8,94,78,49.82,10,3,3,5,0,1,0,1
"279",24,35,11,4,52,469,348,160,53,11,162,84,51.6533333333333,34,485,414,172,48,5,154,117,48.3466666666667,15,11,8,2,2,2,1,0
"280",24,36,18,10,94,890,616,303,101,24,232,170,49.3571428571429,77,869,790,338,96,17,178,219,50.6428571428571,28,18,13,5,4,4,1,1
"281",24,37,8,2,33,299,218,115,32,11,82,56,45.13,25,301,148,85,42,10,61,59,54.87,10,8,6,2,1,0,1,0
"282",24,38,4,3,23,185,240,56,22,5,73,71,48.5714285714286,21,215,209,91,17,4,70,111,51.4285714285714,7,4,4,3,0,0,0,0
"283",25,14,8,18,52,717,703,237,74,12,310,167,47.4692307692308,89,886,770,235,74,14,270,125,52.5307692307692,26,8,6,17,1,0,1,1
"284",25,15,7,11,52,565,401,204,59,8,200,136,45.55,55,602,332,201,66,10,184,140,54.45,18,7,5,9,1,1,1,1
"285",25,20,14,15,80,867,645,303,94,17,314,234,47.5655172413793,70,900,602,311,95,12,285,238,52.4344827586207,29,14,11,9,1,3,2,3
"286",25,28,10,17,62,851,683,291,88,14,266,191,46.4555555555556,84,818,689,266,91,22,200,178,53.5444444444444,27,10,4,13,3,3,3,1
"287",25,29,13,19,84,881,812,332,81,12,480,244,46.503125,101,1027,706,258,109,23,437,282,53.496875,32,13,10,13,2,3,1,3
"288",25,32,11,22,80,932,897,364,105,17,420,239,48.4787878787879,97,1106,998,365,104,18,400,237,51.5212121212121,33,11,5,18,4,4,2,0
"289",25,35,6,9,42,439,336,172,50,11,195,94,49.5866666666667,43,508,377,209,54,10,156,127,50.4133333333333,15,6,6,5,0,2,0,2
"290",25,36,5,8,48,399,272,155,51,14,134,74,49.9153846153846,41,387,322,175,46,9,85,84,50.0846153846154,13,5,5,5,0,0,0,3
"291",25,37,6,13,38,472,340,145,46,5,197,104,46.6315789473684,55,610,274,146,49,6,146,136,53.3684210526316,19,6,5,11,0,1,1,1
"292",25,38,3,1,16,124,75,40,10,4,50,42,45.8,11,121,69,32,14,1,45,37,54.2,4,3,2,1,1,0,0,0
"293",26,11,4,6,24,348,225,50,25,2,99,130,56,24,281,182,54,23,1,91,114,44,10,4,4,4,0,1,0,1
"294",26,12,5,10,35,478,302,78,46,8,92,106,54.6933333333333,41,413,319,102,35,6,127,120,45.3066666666667,15,5,5,8,0,2,0,0
"295",26,14,4,6,23,296,237,80,38,9,95,82,48.57,25,298,283,92,27,6,79,63,51.43,10,4,4,4,0,1,0,1
"296",26,15,3,7,30,282,202,85,28,7,105,121,51.99,37,279,212,110,26,4,99,77,48.01,10,3,3,7,0,0,0,0
"297",26,18,3,7,28,290,205,65,30,4,91,104,49.88,28,316,223,67,28,4,58,94,50.12,10,3,3,4,0,0,0,3
"298",26,20,2,8,22,309,190,84,31,4,105,82,54.94,32,250,204,86,25,4,75,96,45.06,10,2,2,6,0,2,0,0
"299",26,21,4,6,19,304,167,73,39,7,106,119,52.77,26,271,194,97,25,5,91,114,47.23,10,4,4,5,0,1,0,0
"300",26,24,9,17,64,856,562,170,83,14,256,275,51.8461538461538,75,727,639,210,63,16,233,274,48.1538461538462,26,9,8,13,1,3,0,1
"301",26,25,4,6,31,290,219,89,22,8,106,118,53.68,33,303,237,52,34,8,102,86,46.32,10,4,4,4,0,2,0,0
"302",26,27,5,5,21,326,152,56,23,1,67,130,51.48,24,310,220,46,28,4,75,94,48.52,10,5,3,4,1,1,1,0
"303",26,28,7,3,31,330,201,72,34,5,62,81,49.07,26,281,273,98,27,5,50,67,50.93,10,7,5,2,1,0,1,1
"304",26,29,5,5,29,337,230,33,21,5,115,95,56.26,30,254,207,53,11,2,118,101,43.74,10,5,4,4,1,1,0,0
"305",26,31,4,16,39,639,393,139,65,8,147,181,50.975,68,606,399,149,60,11,160,159,49.025,20,4,2,13,2,3,0,0
"306",26,32,2,8,28,323,197,66,35,5,97,90,52.82,34,277,266,103,20,2,92,64,47.18,10,2,1,5,0,1,1,2
"307",26,33,9,10,43,605,406,181,53,8,183,174,50.7947368421053,49,596,419,188,50,10,172,170,49.2052631578947,19,9,8,9,1,0,0,1
"308",26,34,7,3,26,282,167,58,34,6,99,116,47.28,19,279,234,82,26,3,84,88,52.72,10,7,5,2,0,1,2,0
"309",26,35,5,9,33,419,291,112,54,11,149,100,54.7928571428571,38,407,413,126,42,5,147,121,45.2071428571429,14,5,5,7,0,2,0,0
"310",26,36,12,9,54,635,401,156,71,11,147,169,52.2952380952381,50,623,590,176,62,9,137,193,47.7047619047619,21,12,9,5,3,2,0,2
"311",26,37,2,8,23,321,177,46,34,6,80,85,50.78,35,278,172,70,22,5,64,91,49.22,10,2,1,5,0,1,1,2
"312",26,38,1,1,3,65,38,16,7,1,17,21,57.65,7,57,32,18,6,2,12,32,42.35,2,1,0,1,0,0,1,0
"313",27,14,5,13,34,488,498,174,65,13,126,91,50.9722222222222,53,561,499,180,56,8,150,80,49.0277777777778,18,5,4,10,1,1,0,2
"314",27,15,16,11,87,764,604,330,85,11,204,206,50.7777777777778,79,891,444,254,109,17,194,227,49.2222222222222,27,16,13,9,1,1,2,1
"315",27,20,8,11,50,591,398,141,68,13,108,135,50.0368421052632,55,560,320,185,51,10,108,145,49.9631578947368,19,8,6,9,2,1,0,1
"316",27,25,8,12,51,629,411,155,56,7,160,166,53.045,71,656,445,154,63,17,178,155,46.955,20,8,6,11,1,1,1,0
"317",27,28,10,8,52,558,440,214,61,15,89,109,49.8444444444444,47,555,430,232,62,8,61,121,50.1555555555556,18,10,7,6,2,2,1,0
"318",27,29,7,11,47,498,458,227,53,16,156,135,47.1222222222222,61,666,269,155,62,12,156,152,52.8777777777778,18,7,5,7,1,1,1,3
"319",27,32,7,11,48,513,443,206,63,13,146,131,48.3222222222222,48,592,363,189,55,8,107,130,51.6777777777778,18,7,7,7,0,4,0,0
"320",27,35,12,12,55,689,527,285,73,12,226,176,51.875,70,747,565,289,82,17,149,188,48.125,24,12,5,9,4,3,3,0
"321",27,36,6,7,38,362,270,138,41,11,71,86,50.1538461538462,31,446,303,136,43,4,57,80,49.8461538461538,13,6,4,4,2,3,0,0
"322",27,37,15,21,91,962,818,417,107,17,161,216,47.9638888888889,105,1181,652,373,106,15,115,303,52.0361111111111,36,15,10,17,3,2,2,2
"323",27,38,1,2,2,91,71,37,10,1,13,16,43.7,12,91,66,27,10,3,27,34,56.3,3,1,0,2,0,0,1,0
"324",28,38,1,4,10,152,138,36,15,1,33,38,43.22,16,172,110,32,17,4,50,45,56.78,5,1,1,2,0,2,0,0
"325",29,28,18,10,76,999,525,191,92,23,279,215,49.9,53,781,705,253,71,12,204,169,50.1,28,18,13,5,2,1,3,4
"326",29,35,8,7,46,466,270,148,64,14,201,96,52.2,41,429,391,190,45,13,185,96,47.8,15,8,8,5,0,1,0,1
"327",29,36,6,7,34,442,233,106,45,10,104,68,50.7230769230769,42,368,318,136,36,7,80,62,49.2769230769231,13,6,5,7,0,0,1,0
"328",29,37,8,10,48,536,341,139,55,12,147,116,51.6722222222222,47,503,322,152,41,6,157,109,48.3277777777778,18,8,6,7,2,2,0,1
"329",29,38,3,7,25,353,285,149,41,8,87,84,51.26,36,331,380,112,43,9,83,112,48.74,10,3,1,5,2,2,0,0
"330",30,11,3,7,28,309,317,97,32,7,82,72,48.35,36,376,178,96,38,10,106,59,51.65,10,3,2,5,1,0,0,2
"331",30,12,8,13,48,660,492,209,83,10,197,144,50.2857142857143,55,618,421,229,68,15,176,124,49.7142857142857,21,8,6,7,0,4,2,2
"332",30,14,4,6,27,294,311,82,33,3,103,63,46.51,31,331,280,85,32,9,117,48,53.49,10,4,4,3,0,2,0,1
"333",30,15,5,5,33,280,215,104,34,9,91,60,49.82,31,343,209,104,34,7,105,65,50.18,10,5,3,4,2,0,0,1
"334",30,18,5,5,24,297,279,136,27,6,87,78,48.61,33,361,217,106,37,6,60,68,51.39,10,5,1,4,2,0,2,1
"335",30,20,6,4,25,317,244,112,33,4,81,64,46.82,26,301,214,134,26,5,65,65,53.18,10,6,4,3,1,1,1,0
"336",30,21,5,5,34,302,187,99,39,5,111,88,49.53,33,322,201,107,30,6,96,94,50.47,10,5,3,4,0,1,2,0
"337",30,24,8,10,41,575,438,144,74,11,162,136,49.6666666666667,44,495,459,240,43,7,175,131,50.3333333333333,18,8,6,9,2,0,0,1
"338",30,25,6,4,35,313,284,133,29,9,95,65,52.22,29,324,250,135,33,6,123,65,47.78,10,6,5,4,1,0,0,0
"339",30,26,6,12,34,545,479,160,43,2,170,168,46.7055555555556,51,613,430,162,50,10,153,203,53.2944444444444,18,6,3,9,2,2,1,1
"340",30,27,6,4,33,340,206,93,37,7,53,77,52.85,31,251,216,93,32,11,80,67,47.15,10,6,5,3,1,1,0,0
"341",30,28,5,5,36,339,270,93,38,6,80,69,47.38,29,320,283,95,37,5,95,61,52.62,10,5,3,3,2,2,0,0
"342",30,29,6,4,33,299,275,137,30,7,103,72,48.35,32,359,234,93,41,9,116,80,51.65,10,6,4,3,1,0,1,1
"343",30,31,9,15,70,751,580,317,87,16,202,161,50.4791666666667,81,791,537,318,92,22,222,142,49.5208333333333,24,9,6,12,1,1,2,2
"344",30,32,4,6,20,282,275,111,30,6,109,65,44.11,26,330,251,101,34,6,107,45,55.89,10,4,2,5,2,1,0,0
"345",30,33,12,12,60,763,649,226,80,12,188,163,52.7416666666667,58,753,609,266,69,9,204,202,47.2583333333333,24,12,11,10,1,0,0,2
"346",30,34,3,7,25,303,249,116,28,6,91,73,49.68,36,359,237,104,33,7,98,76,50.32,10,3,1,5,1,1,1,1
"347",30,35,7,6,34,404,345,117,38,10,147,85,48.1076923076923,32,446,389,119,38,8,128,81,51.8923076923077,13,7,6,5,0,0,1,1
"348",30,36,9,6,48,444,356,235,47,9,98,78,51.1533333333333,42,498,377,230,53,13,104,77,48.8466666666667,15,9,9,5,0,1,0,0
"349",30,37,4,6,24,286,241,77,34,6,84,63,49.11,26,319,184,99,28,4,65,74,50.89,10,4,3,4,1,1,0,1
"350",30,38,1,1,9,66,67,16,7,1,22,13,55,9,63,45,16,7,4,26,19,45,2,1,1,1,0,0,0,0
"351",30,5,13,13,84,872,838,314,75,14,268,197,50.9461538461538,84,859,763,276,88,18,279,208,49.0538461538462,26,13,10,9,1,1,2,3
"352",31,11,10,6,41,447,517,132,48,10,124,122,46.5875,32,507,315,102,58,5,142,127,53.4125,16,10,6,4,3,1,1,1
"353",31,12,26,8,100,980,766,473,135,26,245,187,49.9823529411765,67,968,837,498,129,18,229,165,50.0176470588235,34,26,21,8,3,0,2,0
"354",31,14,6,4,29,273,237,83,33,3,97,39,48.82,23,316,303,100,29,1,92,34,51.18,10,6,5,4,0,0,1,0
"355",31,15,6,4,42,275,209,91,27,7,68,57,47.04,35,312,211,72,27,5,83,73,52.96,10,6,5,3,1,1,0,0
"356",31,18,4,6,25,276,205,69,26,5,63,59,48.29,26,276,205,63,28,4,49,69,51.71,10,4,4,5,0,1,0,0
"357",31,20,7,3,32,307,164,81,43,8,80,51,51.05,25,276,173,103,32,5,57,53,48.95,10,7,6,3,1,0,0,0
"358",31,21,6,4,30,301,144,101,26,4,81,54,51.86,26,269,185,95,29,9,90,61,48.14,10,6,5,4,1,0,0,0
"359",31,24,9,17,67,769,617,223,73,18,199,190,47.6615384615385,90,825,657,220,75,26,219,177,52.3384615384615,26,9,6,15,1,1,2,1
"360",31,25,6,4,32,289,210,80,23,4,99,66,50.6,28,291,217,58,34,8,103,68,49.4,10,6,6,3,0,0,0,1
"361",31,27,6,4,33,329,192,94,29,3,53,70,48.57,30,281,188,97,34,3,57,73,51.43,10,6,4,4,1,0,1,0
"362",31,28,5,5,32,350,223,86,35,6,72,48,48.74,30,287,244,112,27,5,46,53,51.26,10,5,5,4,0,0,0,1
"363",31,29,4,6,29,306,207,73,27,6,116,68,43.23,29,311,186,65,26,6,115,82,56.77,10,4,4,6,0,0,0,0
"364",31,32,7,3,27,286,224,112,40,7,104,56,48.39,16,270,249,130,31,4,84,63,51.61,10,7,6,1,0,2,1,0
"365",31,34,3,7,25,282,196,110,33,5,77,69,47.68,34,277,188,109,33,9,78,64,52.32,10,3,1,5,2,1,0,1
"366",31,35,7,7,46,386,296,177,52,9,136,78,50.6,40,439,346,195,46,12,116,87,49.4,14,7,4,5,2,1,1,1
"367",31,36,9,6,43,452,277,139,46,9,96,72,49.2,34,474,392,162,50,9,69,99,50.8,15,9,8,6,0,0,1,0
"368",31,37,5,5,20,283,198,82,33,4,61,57,50.92,21,290,171,84,31,3,46,62,49.08,10,5,4,4,0,0,1,1
"369",31,38,0,2,4,67,43,18,7,3,22,12,52.9,8,66,38,18,7,4,14,23,47.1,2,0,0,2,0,0,0,0
"370",32,14,22,14,94,967,1266,445,120,24,361,156,50.3,84,1086,1224,454,115,24,433,144,49.7,36,22,15,9,3,3,4,2
"371",32,15,15,11,70,738,712,382,88,18,224,171,49.2346153846154,66,775,597,340,100,13,309,149,50.7653846153846,26,15,12,11,2,0,1,0
"372",32,28,17,10,84,893,723,278,80,18,188,122,49.9851851851852,59,778,722,256,93,13,216,131,50.0148148148148,27,17,14,5,2,1,1,4
"373",32,29,12,20,67,929,919,456,86,7,388,184,50.296875,91,1024,728,375,124,23,396,238,49.703125,32,12,10,14,1,2,1,4
"374",32,35,14,5,61,623,552,179,59,17,232,102,54.6631578947368,48,555,595,180,66,10,218,122,45.3368421052632,19,14,8,2,4,3,2,0
"375",32,36,5,8,34,419,287,135,42,8,68,51,53.4230769230769,38,363,302,138,45,7,64,58,46.5769230769231,13,5,5,4,0,3,0,1
"376",32,37,13,5,44,475,418,200,43,5,147,73,44.9388888888889,36,552,324,155,59,10,144,103,55.0611111111111,18,13,11,4,1,1,1,0
"377",32,38,1,3,8,96,87,31,9,2,33,19,50.825,11,153,81,25,11,1,40,30,49.175,4,1,1,2,0,0,0,1
"378",33,11,2,8,23,309,302,112,29,3,83,72,47.89,24,307,176,106,32,7,82,63,52.11,10,2,2,4,0,1,0,3
"379",33,12,13,8,59,676,447,215,79,10,165,128,47.1904761904762,53,636,394,215,78,16,194,115,52.8095238095238,21,13,7,6,3,0,3,2
"380",33,14,2,8,14,273,263,76,27,3,85,46,47.79,36,290,322,72,24,7,82,51,52.21,10,2,2,8,0,0,0,0
"381",33,15,5,5,26,323,228,200,28,6,82,58,50.04,27,348,200,153,35,6,91,54,49.96,10,5,4,4,0,0,1,1
"382",33,18,4,6,26,319,209,132,28,1,62,76,48.44,35,310,177,130,29,6,64,69,51.56,10,4,4,5,0,0,0,1
"383",33,20,6,4,27,342,220,83,31,8,53,67,53.61,23,316,196,77,34,4,54,59,46.39,10,6,4,2,0,1,2,1
"384",33,21,3,7,30,306,194,97,29,6,86,64,49.53,41,279,174,91,32,9,105,77,50.47,10,3,3,6,0,0,0,1
"385",33,24,7,12,47,544,435,210,71,13,120,139,49.1368421052632,57,581,460,231,62,16,138,116,50.8631578947368,19,7,5,8,0,2,2,2
"386",33,25,3,7,29,306,265,95,29,6,113,79,49,34,312,272,99,22,4,115,98,51,10,3,3,4,0,2,0,1
"387",33,27,5,5,30,341,181,84,32,7,45,81,48.32,27,297,244,76,36,5,47,65,51.68,10,5,4,5,1,0,0,0
"388",33,28,5,5,21,300,244,85,28,4,88,67,43.72,23,306,272,85,30,8,69,66,56.28,10,5,5,3,0,2,0,0
"389",33,29,5,5,23,273,254,61,22,2,128,91,47.55,25,331,183,49,28,2,131,97,52.45,10,5,3,4,1,0,1,1
"390",33,31,10,16,78,802,576,321,87,13,184,187,49.2769230769231,95,805,580,301,86,22,207,185,50.7230769230769,26,10,7,11,1,3,2,2
"391",33,32,6,4,36,302,210,95,37,7,84,58,44.4,25,343,267,115,32,6,100,53,55.6,10,6,6,3,0,0,0,1
"392",33,34,5,5,27,302,197,114,25,4,85,88,47.18,28,343,198,100,27,6,63,72,52.82,10,5,4,3,0,0,1,2
"393",33,35,7,8,47,435,342,129,50,13,144,81,49.3666666666667,55,464,421,145,43,9,127,94,50.6333333333333,15,7,7,5,0,2,0,1
"394",33,36,5,10,31,497,308,155,51,4,93,79,51.5866666666667,45,471,378,142,46,13,79,104,48.4133333333333,15,5,3,7,0,0,2,3
"395",33,37,3,7,18,280,228,96,36,3,70,59,46.78,33,320,161,100,32,5,49,69,53.22,10,3,2,7,0,0,1,0
"396",33,38,1,1,6,44,35,14,4,1,22,22,47.6,8,76,31,8,7,0,19,26,52.4,2,1,0,1,1,0,0,0
"397",34,14,11,7,51,473,443,186,59,13,172,72,51.1666666666667,46,524,501,172,56,13,163,77,48.8333333333333,18,11,7,2,2,4,2,1
"398",34,15,14,13,84,813,582,274,81,19,199,193,49.1592592592593,77,803,472,308,75,15,264,197,50.8407407407407,27,14,12,9,2,2,0,2
"399",34,18,16,18,84,961,746,302,111,16,268,200,51.0117647058824,78,967,729,329,97,15,174,230,48.9882352941176,34,16,15,14,1,1,0,3
"400",34,20,9,9,47,582,356,193,58,9,143,104,51.3611111111111,45,498,364,225,54,12,133,105,48.6388888888889,18,9,6,8,2,0,1,1
"401",34,21,8,10,57,465,257,163,49,12,162,128,52.2166666666667,56,501,322,158,57,12,184,135,47.7833333333333,18,8,8,4,0,3,0,3
"402",34,25,14,4,49,547,348,142,56,10,184,137,52.0444444444444,33,531,351,174,51,9,201,145,47.9555555555556,18,14,12,4,1,0,1,0
"403",34,27,20,12,114,1062,605,349,109,18,208,282,50.728125,86,901,654,373,98,12,218,210,49.271875,32,20,18,10,2,1,0,1
"404",34,28,11,7,48,602,404,142,57,7,123,95,48.0222222222222,44,492,395,158,49,11,106,114,51.9777777777778,18,11,7,4,2,1,2,2
"405",34,29,15,10,68,730,715,313,63,8,284,166,49.828,57,772,591,227,93,19,284,218,50.172,25,15,11,9,3,0,1,1
"406",34,32,15,16,85,928,743,330,119,17,349,213,48.7516129032258,88,924,790,357,105,18,328,194,51.2483870967742,31,15,13,11,1,1,1,4
"407",34,35,17,14,92,1042,616,332,110,22,362,217,53.5806451612903,90,949,747,369,93,18,323,207,46.4193548387097,31,17,14,12,3,1,0,1
"408",34,36,9,6,43,493,286,129,36,8,87,92,50.2866666666667,31,450,351,114,35,7,103,84,49.7133333333333,15,9,9,5,0,0,0,1
"409",34,37,12,15,65,788,498,292,76,12,190,138,49.2888888888889,73,792,414,258,85,19,186,173,50.7111111111111,27,12,10,10,1,4,1,1
"410",34,38,1,2,4,100,58,20,8,0,29,27,51.8,6,113,52,18,9,2,27,29,48.2,3,1,1,1,0,0,0,1
"411",35,28,12,3,52,455,379,170,56,4,136,85,47.2666666666667,35,432,412,166,58,13,143,66,52.7333333333333,15,12,9,3,0,0,3,0
"412",35,38,2,6,21,256,244,66,31,8,95,60,53.4625,26,229,190,82,22,4,98,78,46.5375,8,2,2,5,0,1,0,0
"413",36,28,9,4,35,384,400,171,38,9,56,63,50.4,34,432,341,155,47,11,61,70,49.6,13,9,6,4,1,0,2,0
"414",36,35,4,6,32,313,247,119,35,4,75,57,47.23,34,308,202,115,36,10,73,69,52.77,10,4,3,6,1,0,0,0
"415",36,37,8,5,31,374,276,134,32,6,43,51,47.1846153846154,26,388,221,120,38,10,78,76,52.8153846153846,13,8,5,4,1,0,2,1
"416",36,38,1,1,7,53,49,14,5,0,16,22,54.85,7,76,41,14,5,2,14,12,45.15,2,1,1,1,0,0,0,0
"417",37,28,12,6,51,550,298,138,56,12,81,80,49.0055555555556,38,504,413,186,46,7,80,94,50.9944444444444,18,12,10,3,1,2,1,1
"418",37,35,13,16,73,806,501,281,92,13,262,149,52.0827586206897,86,843,682,280,88,18,220,157,47.9172413793103,29,13,11,14,1,2,1,0
"419",37,38,3,0,13,98,46,23,9,2,23,26,49.3666666666667,6,83,65,23,9,2,18,16,50.6333333333333,3,3,3,0,0,0,0,0
"420",5,11,4,6,26,315,307,84,34,7,78,72,52.16,34,341,192,70,40,14,90,83,47.84,10,4,2,4,2,1,0,1
"421",5,12,12,9,55,593,537,157,64,6,185,157,48.1428571428571,51,671,530,161,63,5,191,108,51.8571428571429,21,12,9,6,1,2,2,1
"422",5,14,4,6,21,298,322,96,28,6,100,68,50.96,28,331,355,87,26,5,124,58,49.04,10,4,3,5,0,0,1,1
"423",5,15,8,2,35,310,229,100,33,10,128,80,49.02,28,376,251,102,27,4,116,72,50.98,10,8,6,2,1,0,1,0
"424",5,18,2,8,22,281,284,97,29,2,86,74,47.87,37,375,251,95,25,5,66,92,52.13,10,2,2,6,0,2,0,0
"425",5,20,6,4,29,334,266,190,40,3,101,80,55.48,24,340,230,239,36,3,91,59,44.52,10,6,5,3,0,0,1,1
"426",5,21,7,3,31,290,174,109,29,4,112,102,48.65,22,298,222,110,29,4,98,91,51.35,10,7,6,3,0,0,1,0
"427",5,24,8,16,58,749,748,231,78,15,269,219,50.9833333333333,77,773,719,223,77,23,287,205,49.0166666666667,24,8,5,11,2,4,1,1
"428",5,25,8,2,35,285,259,130,29,6,126,100,48.05,23,359,289,88,35,4,115,80,51.95,10,8,6,2,2,0,0,0
"429",5,26,8,10,47,529,491,169,53,9,178,217,44.8888888888889,49,634,418,171,53,12,205,203,55.1111111111111,18,8,6,9,1,1,1,0
"430",5,27,5,5,36,337,267,96,37,12,71,106,49.46,25,313,315,100,35,4,60,79,50.54,10,5,4,3,1,1,0,1
"431",5,28,4,6,27,316,275,93,28,9,91,78,45.45,27,331,274,69,40,8,94,72,54.55,10,4,3,5,0,0,1,1
"432",5,29,1,9,17,261,278,135,26,5,110,75,48.4,39,401,210,91,42,6,102,97,51.6,10,1,0,7,0,1,1,1
"433",5,31,9,15,61,702,576,271,71,8,179,170,51.9958333333333,69,734,593,250,77,11,212,183,48.0041666666667,24,9,8,13,1,1,0,1
"434",5,32,7,3,37,308,238,98,34,8,127,79,47.83,27,350,277,134,31,6,99,63,52.17,10,7,6,3,1,0,0,0
"435",5,33,12,12,64,715,643,275,59,14,203,199,49.0125,67,820,568,203,80,12,229,195,50.9875,24,12,11,10,0,1,1,1
"436",5,34,6,4,30,270,232,88,29,7,113,90,46.58,28,316,224,97,34,7,102,87,53.42,10,6,4,4,0,0,2,0
"437",5,35,4,9,40,379,379,157,47,11,155,106,52.6076923076923,52,428,380,161,50,11,137,89,47.3923076923077,13,4,2,6,2,2,0,1
"438",5,36,5,10,39,472,355,115,37,5,147,120,52.7133333333333,52,482,445,94,41,10,129,132,47.2866666666667,15,5,5,9,0,1,0,0
"439",5,37,2,8,16,275,245,95,27,5,94,80,48.16,20,292,207,77,32,6,86,87,51.84,10,2,2,7,0,0,0,1
"440",5,38,1,1,6,48,50,12,7,1,30,27,51.45,9,59,51,14,6,1,26,33,48.55,2,1,0,1,0,0,1,0
"441",6,1,13,19,75,1009,1025,420,96,15,337,171,51.575,85,922,911,333,123,23,365,255,48.425,32,13,9,16,3,1,1,2
"442",6,11,7,9,47,525,549,136,41,12,124,125,53.45625,42,541,384,130,49,7,168,173,46.54375,16,7,6,6,1,2,0,1
"443",6,12,19,7,86,818,630,217,80,20,182,151,51.0038461538461,60,739,621,197,90,14,241,144,48.9961538461539,26,19,13,6,5,0,1,1
"444",6,14,5,5,19,289,335,106,25,3,77,59,48.98,24,305,309,92,32,7,97,57,51.02,10,5,5,4,0,1,0,0
"445",6,15,6,4,35,349,209,89,37,8,82,67,52.26,26,324,238,112,32,5,119,80,47.74,10,6,6,2,0,1,0,1
"446",6,18,4,6,24,321,260,87,25,7,58,81,48.27,27,258,272,77,25,3,60,83,51.73,10,4,4,3,0,2,0,1
"447",6,19,16,10,78,916,491,319,79,14,186,139,52.65,60,753,643,297,90,10,204,179,47.35,26,16,12,6,3,2,1,2
"448",6,20,5,5,31,342,216,89,31,7,79,82,53.93,33,269,232,132,22,3,92,74,46.07,10,5,5,5,0,0,0,0
"449",6,21,6,4,29,322,156,88,29,5,99,84,56.39,21,280,224,78,34,4,142,111,43.61,10,6,5,1,1,2,0,1
"450",6,24,3,15,37,593,465,190,55,13,166,120,55.1111111111111,55,515,460,177,58,13,205,176,44.8888888888889,18,3,3,10,0,4,0,1
"451",6,25,4,6,32,376,221,109,28,9,90,63,51.31,29,296,262,97,34,6,151,83,48.69,10,4,4,3,0,1,0,2
"452",6,26,12,6,60,577,454,144,46,8,158,122,50.3222222222222,37,563,451,132,52,11,156,192,49.6777777777778,18,12,8,1,3,3,1,2
"453",6,27,3,7,20,300,203,123,25,4,55,83,52.54,25,283,216,105,32,3,83,106,47.46,10,3,3,6,0,0,0,1
"454",6,28,10,0,44,300,237,89,30,9,58,62,55.2,14,268,258,98,30,6,80,69,44.8,10,10,10,0,0,0,0,0
"455",6,29,7,3,31,262,252,73,20,6,100,87,50.96,25,328,220,53,30,7,114,92,49.04,10,7,6,3,1,0,0,0
"456",6,30,15,17,90,1053,921,316,86,23,314,246,52.690625,79,962,1034,330,87,12,374,311,47.309375,32,15,12,10,2,5,1,2
"457",6,31,19,10,83,866,679,368,77,20,252,224,52.3034482758621,69,800,767,319,101,19,293,244,47.6965517241379,29,19,15,8,1,1,3,1
"458",6,32,1,9,19,326,267,77,33,4,112,47,46.76,39,275,279,91,26,5,113,68,53.24,10,1,0,8,0,1,1,0
"459",6,33,19,6,80,845,570,262,69,16,184,168,54.644,46,731,611,241,76,7,243,216,45.356,25,19,16,5,3,0,0,1
"460",6,34,5,5,30,303,209,109,33,8,74,68,50.95,25,289,197,144,31,6,98,67,49.05,10,5,4,4,1,0,0,1
"461",6,35,8,5,34,410,321,116,40,5,116,78,53.8461538461538,26,398,357,119,39,3,158,105,46.1538461538462,13,8,5,3,1,0,2,2
"462",6,36,9,6,51,523,351,187,47,6,118,106,52.8466666666667,44,407,420,153,48,9,131,120,47.1533333333333,15,9,5,4,2,1,2,1
"463",6,37,6,4,28,277,211,96,30,4,76,60,48.32,24,310,184,92,25,2,77,76,51.68,10,6,4,3,2,0,0,1
"464",6,38,1,1,3,50,49,16,4,0,22,24,42.05,4,55,49,8,7,0,24,36,57.95,2,1,1,1,0,0,0,0
"465",6,5,20,19,115,1374,1232,365,108,24,386,263,52.9179487179487,107,1127,1343,384,116,25,465,355,47.0820512820513,39,20,15,15,2,3,3,1
